schoolid,schoolname,CalendarYear,AcademicYear,CondScholInd,NumEnteringCondSchol,NumEliminatedCondSchol,NumStudents,FTNumStudents,PTNumStudents,TotalRecvGrant,TotalRecvGrantP,FTRecvGrant,PTRecvGrant,TotalGrantLTHalf,TotalGrantLTHalfP,FTGrantLTHalf,PTGrantLTHalf,TotalGrantALHalf,TotalGrantALHalfP,FTGrantALHalf,PTGrantALHalf,TotalGrantFull,TotalGrantFullP,FTGrantFull,PTGrantFull,TotalGrantGTFull,TotalGrantGTFullP,FTGrantGTFull,PTGrantGTFull,FTGrantAmt75,PTGrantAmt75,FTGrantAmtMedian,PTGrantAmtMedian,FTGrantAmt25,PTGrantAmt25
00100300,Faulkner University,2023,2022,N,,,259,259,0,317,122.4,317,,212,81.9,212,,87,33.6,87,,18,6.9,18,,0,0,0,,29250,,15600,,5400,
00103600,Samford University,2023,2022,Y,144,16,443,443,0,403,91,403,,263,59.4,263,,139,31.4,139,,1,0.2,1,,0,0,0,,26000,,16000,,7000,
00105100,University of Alabama,2023,2022,N,,,425,425,0,387,91.1,387,,113,26.6,113,,163,38.4,163,,20,4.7,20,,91,21.4,91,,29080,,22000,,12250,
00108100,Arizona State University,2023,2022,N,,,853,853,0,786,92.1,786,,378,44.3,378,,304,35.6,304,,81,9.5,81,,23,2.7,23,,30163,,20000,,6000,
00108300,University of Arizona,2023,2022,N,,,370,370,0,361,97.6,361,,43,11.6,43,,89,24.1,89,,40,10.8,40,,189,51.1,189,,29600,,24500,,14250,
00110101,University of Arkansas-Little Rock,2023,2022,Y,74,34,449,338,111,278,61.9,223,55,151,33.6,113,38,119,26.5,102,17,0,0,0,0,8,1.8,8,0,13310,6676,6676,4451,3338,2225
00110800,University of Arkansas-Fayetteville,2023,2022,N,,,369,369,0,283,76.7,283,,146,39.6,146,,128,34.7,128,,0,0,0,,9,2.4,9,,12000,,9000,,5000,
00116453,Chapman University,2023,2022,Y,110,49,433,433,0,184,42.5,184,,30,6.9,30,,112,25.9,112,,0,0,0,,42,9.7,42,,64500,,56360,,36050,
00120529,Golden Gate University,2023,2022,Y,9,5,298,196,102,216,72.5,144,72,91,30.5,60,31,19,6.4,12,7,106,35.6,72,34,0,0,0,0,56000,51000,35000,31500,8000,15000
00129500,Southwestern Law School,2023,2022,Y,194,100,922,718,204,657,71.3,516,141,354,38.4,272,82,273,29.6,224,49,17,1.8,14,3,13,1.4,6,7,39828,25525,27771,14186,16374,2500
00130503,Stanford University,2023,2022,N,,,575,575,0,337,58.6,337,,163,28.3,163,,121,21,121,,1,0.2,1,,52,9,52,,53288,,34199,,15306,
00131273,University of California-Berkeley,2023,2022,N,,,1022,1022,0,976,95.5,976,,571,55.9,571,,354,34.6,354,,0,0,0,,51,5,51,,35036,,27149,,10000,
00131373,University of California-Davis,2023,2022,N,,,642,642,0,536,83.5,536,,274,42.7,274,,248,38.6,248,,12,1.9,12,,2,0.3,2,,35000,,25000,,15000,
00131400,University of California-Irvine,2023,2022,N,,,467,467,0,449,96.1,449,,324,69.4,324,,125,26.8,125,,0,0,0,,0,0,0,,35000,,27500,,20000,
00131500,University of California-Los Angeles,2023,2022,N,,,1006,1006,0,899,89.4,899,,629,62.5,629,,201,20,201,,39,3.9,39,,30,3,30,,31667,,20000,,12500,
00132500,University of San Francisco,2023,2022,Y,69,28,353,329,24,240,68,223,17,130,36.8,124,6,106,30,97,9,4,1.1,2,2,0,0,0,0,37000,36400,25000,23000,15000,15000
00132600,Santa Clara University,2023,2022,Y,71,23,665,598,67,513,77.1,464,49,223,33.5,199,24,152,22.9,136,16,36,5.4,32,4,1,0.2,1,0,40000,30000,30000,15000,17726,10000
00132800,University of Southern California,2023,2022,N,,,631,631,0,615,97.5,615,,237,37.6,237,,372,59,372,,0,0,0,,6,1,6,,45000,,40000,,35000,
00132901,McGeorge School of Law,2023,2022,Y,95,29,510,418,92,464,91,376,88,231,45.3,182,49,135,26.5,110,25,98,19.2,84,14,0,0,0,0,51139,29458,28679,12721,3906,3500
00137000,University of Colorado,2023,2022,N,,,506,506,0,425,84,425,,280,55.3,280,,124,24.5,124,,0,0,0,,21,4.2,21,,24720,,12360,,10000,
00137100,University of Denver,2023,2022,Y,174,0,844,685,159,659,78.1,555,104,306,36.3,267,39,331,39.2,268,63,0,0,0,0,22,2.6,20,2,38000,29120,29000,21750,21000,15750
00140201,Quinnipiac University,2023,2022,Y,77,4,384,313,71,346,90.1,290,56,251,65.4,201,50,84,21.9,73,11,6,1.6,6,0,10,2.6,10,0,31394,15001,18895,10000,10000,2500
00141706,University of Connecticut,2023,2022,N,,,484,390,94,434,89.7,361,73,287,59.3,246,41,138,28.5,108,30,0,0,0,0,9,1.9,7,2,22766,16600,15177,10590,10000,5000
00142600,Yale University,2023,2022,N,,,633,633,0,400,63.2,400,,230,36.3,230,,123,19.4,123,,0,0,0,,47,7.4,47,,42113,,32852,,22249,
00143401,American University,2023,2022,N,,,1167,976,191,827,70.9,701,126,172,14.7,154,18,531,45.5,438,93,123,10.5,108,15,1,0.1,1,0,40000,32000,40000,32000,32000,30000
00143711,Catholic University of America,2023,2022,Y,56,19,407,281,126,401,98.5,279,122,171,42,117,54,153,37.6,109,44,74,18.2,51,23,3,0.7,2,1,45820,30000,30000,18750,15076,6625
00144102,District of Columbia,2023,2022,Y,30,9,236,133,103,179,75.8,103,76,97,41.1,58,39,80,33.9,43,37,2,0.8,2,0,0,0,0,0,10142,7572,8292,6182,5000,3471
00144402,George Washington University,2023,2022,N,,,1700,1583,117,1332,78.4,1274,58,1116,65.6,1073,43,175,10.3,167,8,39,2.3,33,6,0,0,0,0,30000,23000,25000,17000,19000,13000
00144503,Georgetown University,2023,2022,N,,,2053,1851,202,1286,62.6,1187,99,546,26.6,468,78,710,34.6,691,19,30,1.5,28,2,0,0,0,0,47500,25000,35000,20000,25000,12519
00144802,Howard University,2023,2022,Y,87,5,464,464,0,220,47.4,220,,145,31.3,145,,66,14.2,66,,0,0,0,,9,1.9,9,,27475,,13090,,7447,
00146601,Barry University,2023,2022,Y,253,142,789,624,165,793,100.5,533,260,561,71.1,344,217,232,29.4,189,43,0,0,0,0,0,0,0,0,23752,13002,16752,2375,3752,752
00146800,St. Thomas University (Florida),2023,2022,Y,104,52,731,731,0,489,66.9,489,,255,34.9,255,,232,31.7,232,,2,0.3,2,,0,0,0,,30000,,22000,,12000,
00148001,Florida A&M University,2023,2022,N,,,362,275,87,170,47,132,38,60,16.6,45,15,89,24.6,71,18,0,0,0,0,21,5.8,16,5,11000,7472,8000,4959,4500,2279
00148900,Florida State University,2023,2022,N,,,502,502,0,387,77.1,387,,215,42.8,215,,114,22.7,114,,13,2.6,13,,45,9,45,,13161,,8241,,4000,
00150900,Nova Southeastern University,2023,2022,Y,153,2,620,523,97,336,54.2,294,42,267,43.1,229,38,68,11,65,3,0,0,0,0,0,0,0,0,20000,7500,15000,5000,10000,2500
00153101,Stetson University,2023,2022,Y,12,0,925,758,167,815,88.1,696,119,431,46.6,335,96,345,37.3,325,20,37,4,34,3,2,0.2,2,0,35000,15000,25000,9500,15000,5000
00153505,University of Florida,2023,2022,N,,,692,692,0,603,87.1,603,,207,29.9,207,,133,19.2,133,,121,17.5,121,,140,20.2,140,,31305,,21804,,8000,
00153601,University of Miami,2023,2022,N,,,1189,1189,0,762,64.1,762,,186,15.6,186,,571,48,571,,0,0,0,,5,0.4,5,,54000,,40000,,30000,
00156400,Emory University,2023,2022,N,,,792,792,0,762,96.2,762,,302,38.1,302,,446,56.3,446,,0,0,0,,14,1.8,14,,44000,,37000,,24000,
00157400,Georgia State University,2023,2022,Y,70,4,0,0,0,297,,257,,96,,82,,41,,31,,156,,140,,4,,4,,19608,,15693,,15693,
00158015,Mercer University,2023,2022,N,,,380,380,0,354,93.2,354,,238,62.6,238,,101,26.6,101,,1,0.3,1,,14,3.7,14,,24000,,16000,,7000,
00159800,University of Georgia,2023,2022,N,,,537,537,0,495,92.2,495,,224,41.7,224,,138,25.7,138,,35,6.5,35,,98,18.2,98,,19382,,10862,,5100,
00161000,University of Hawaii,2023,2022,N,,,307,247,60,234,76.2,198,36,200,65.1,176,24,26,8.5,18,8,0,0,0,0,7,2.3,3,4,5000,3000,6000,5000,9000,10984
00162600,University of Idaho,2023,2022,N,,,396,396,0,221,55.8,221,,195,49.2,195,,24,6.1,24,,1,0.3,1,,1,0.3,1,,19236,,9618,,6000,
00167100,Depaul University,2023,2022,N,,,533,449,84,531,99.6,447,84,184,34.5,137,47,337,63.2,303,34,3,0.6,1,2,7,1.3,6,1,35000,20000,30000,15000,21000,12000
00169101,Chicago-Kent College of Law-IIT,2023,2022,N,,,750,650,100,705,94,614,91,195,26,167,28,476,63.5,416,60,2,0.3,0,2,32,4.3,31,1,42375,32360,33500,24000,20000,14940
00171000,Loyola University-Chicago,2023,2022,N,,,907,756,151,833,91.8,719,114,279,30.8,232,47,552,60.9,485,67,0,0,0,0,2,0.2,2,0,35000,25000,30700,22250,25000,16375
00173700,Northern Illinois University,2023,2022,N,,,312,312,0,214,68.6,214,,141,45.2,141,,73,23.4,73,,0,0,0,,0,0,0,,12411,,8274,,5000,
00173900,Northwestern University,2023,2022,N,,,763,763,0,530,69.5,530,,263,34.5,263,,257,33.7,257,,0,0,0,,10,1.3,10,,40000,,40000,,20000,
00175800,Southern Illinois University-Carbondale,2023,2022,N,,,252,252,0,189,75,189,,100,39.7,100,,90,35.7,90,,0,0,0,,0,0,0,,2647,,5294,,7941,
00177400,University of Chicago,2023,2022,N,,,610,610,0,507,83.1,507,,410,67.2,410,,38,6.2,38,,0,0,0,,59,9.7,59,,29221,,15000,,10000,
00177500,University of Illinois,2023,2022,N,,,524,524,0,512,97.7,512,,107,20.4,107,,397,75.8,397,,1,0.2,1,,7,1.3,7,,45000,,35900,,23000,
00177608,University of Illinois Chicago School of Law,2023,2022,Y,147,75,1044,864,180,619,59.3,517,102,261,25,225,36,345,33,283,62,3,0.3,3,0,10,1,6,4,33600,20802,22500,15675,10800,5925
00180900,Indiana University - Bloomington,2023,2022,N,,,545,545,0,532,97.6,532,,105,19.3,105,,267,49,267,,108,19.8,108,,52,9.5,52,,50000,,35000,,20918,
00181300,Indiana University - Indianapolis,2023,2022,Y,154,1,726,529,197,528,72.7,386,142,337,46.4,228,109,189,26,145,44,0,0,0,0,15,2.1,12,3,27000,15000,13000,6000,4950,3000
00184000,University of Notre Dame,2023,2022,N,,,541,541,0,475,87.8,475,,254,47,254,,196,36.2,196,,19,3.5,19,,6,1.1,6,,45000,,30000,,20000,
00186000,Drake University,2023,2022,N,,,325,325,0,268,82.5,268,,63,19.4,63,,161,49.5,161,,33,10.2,33,,11,3.4,11,,37000,,32000,,22900,
00189200,University of Iowa,2023,2022,N,,,500,500,0,357,71.4,357,,101,20.2,101,,158,31.6,158,,84,16.8,84,,14,2.8,14,,30152,,28045,,11444,
00194800,University of Kansas,2023,2022,Y,101,24,344,344,0,300,87.2,300,,123,35.8,123,,67,19.5,67,,94,27.3,94,,16,4.7,16,,24339,,12750,,6000,
00194900,Washburn University,2023,2022,Y,39,13,314,314,0,303,96.5,303,,154,49,154,,107,34.1,107,,8,2.5,8,,34,10.8,34,,11944,,3030,,979,
00198903,University of Kentucky,2023,2022,N,,,391,391,0,379,96.9,379,,263,67.3,263,,97,24.8,97,,0,0,0,,19,4.9,19,,20000,,13000,,7000,
00199900,University of Louisville,2023,2022,N,,,368,368,0,229,62.2,229,,80,21.7,80,,149,40.5,149,,0,0,0,,0,0,0,,22000,,18000,,8000,
00201000,Louisiana State University,2023,2022,Y,178,59,607,607,0,571,94.1,571,,246,40.5,246,,169,27.8,169,,156,25.7,156,,0,0,0,,19750,,13000,,6500,
00201600,Loyola University-New Orleans,2023,2022,Y,162,8,596,550,46,403,67.6,376,27,164,27.5,146,18,226,37.9,218,8,12,2,12,0,1,0.2,0,1,34000,21250,27000,14962,19000,7490
00202500,Southern University,2023,2022,Y,132,77,949,605,344,400,42.1,318,82,246,25.9,181,65,136,14.3,124,12,2,0.2,1,1,16,1.7,12,4,13000,12600,11500,6668,9500,3500
00202900,Tulane University,2023,2022,N,,,654,654,0,558,85.3,558,,216,33,216,,342,52.3,342,,0,0,0,,0,0,0,,42500,,35000,,27500,
00205400,University of Maine,2023,2022,N,,,261,261,0,167,64,167,,34,13,34,,62,23.8,62,,69,26.4,69,,2,0.8,2,,25000,,20000,,11881,
00210200,University of Baltimore,2023,2022,Y,144,19,709,500,209,487,68.7,384,103,296,41.7,239,57,170,24,135,35,12,1.7,5,7,0,0,0,0,24000,20000,15000,11750,7500,5000
00210400,University of Maryland,2023,2022,N,,,698,590,108,581,83.2,502,79,249,35.7,209,40,245,35.1,215,30,83,11.9,74,9,2,0.3,2,0,37000,18277,25000,12000,11519,5000
00212801,Boston College,2023,2022,N,,,808,808,0,786,97.3,786,,666,82.4,666,,117,14.5,117,,8,1,8,,0,0,0,,30000,,21000,,18000,
00213007,Boston University,2023,2022,N,,,759,759,0,673,88.7,673,,328,43.2,328,,200,26.4,200,,141,18.6,141,,4,0.5,4,,44000,,33000,,25000,
00215510,Harvard University,2023,2022,N,,,1758,1758,0,748,42.5,748,,426,24.2,426,,311,17.7,311,,6,0.3,6,,5,0.3,5,,45090,,31240,,15665,
00219900,Northeastern University,2023,2022,N,,,659,615,44,636,96.5,593,43,278,42.2,255,23,223,33.8,211,12,105,15.9,103,2,25,3.8,25,0,50650,29000,32000,19000,15000,9950
00221007,University of Massachusetts Dartmouth,2023,2022,N,,,374,305,69,343,91.7,285,58,231,61.8,185,46,89,23.8,81,8,12,3.2,8,4,11,2.9,11,0,20363,15000,14000,8313,5625,4594
00221810,Suffolk University,2023,2022,N,,,1259,957,302,1034,82.1,792,242,638,50.7,471,167,381,30.3,313,68,15,1.2,8,7,0,0,0,0,53920,22500,21000,18500,15000,11063
00222600,Western New England University,2023,2022,N,,,336,228,108,275,81.8,191,84,72,21.4,45,27,180,53.6,135,45,23,6.8,11,12,0,0,0,0,33393,28000,30000,22294,25000,15000
00225400,Michigan State University,2023,2022,N,,,635,635,0,629,99.1,629,,154,24.3,154,,326,51.3,326,,147,23.1,147,,2,0.3,2,,41040,,35000,,25000,
00232300,University of Detroit Mercy,2023,2022,N,,,611,578,33,331,54.2,309,22,167,27.3,158,9,148,24.2,135,13,3,0.5,3,0,14,2.3,14,0,8958,10985,19276,21161,31354,25984
00232503,University of Michigan,2023,2022,N,,,972,972,0,830,85.4,830,,472,48.6,472,,328,33.7,328,,9,0.9,9,,21,2.2,21,,40000,,30000,,17500,
00232902,Wayne State University,2023,2022,N,,,386,365,21,319,82.6,292,27,58,15,52,6,87,22.5,81,6,145,37.6,135,10,29,7.5,25,4,36845,29892,31000,16800,20000,2000
00234500,University of St. Thomas (Minnesota),2023,2022,N,,,468,468,0,469,100.2,469,,365,78,365,,96,20.5,96,,8,1.7,8,,0,0,0,,33656,,25421,,19031,
00239101,Mitchell Hamline School of Law,2023,2022,N,,,1211,371,840,1199,99,375,824,614,50.7,105,509,498,41.1,208,290,87,7.2,62,25,0,0,0,0,44512,24373,33190,14516,19948,9701
00241501,Mississippi College,2023,2022,Y,67,23,366,366,0,233,63.7,233,,124,33.9,124,,71,19.4,71,,38,10.4,38,,0,0,0,,31200,,20000,,13000,
00244000,University of Mississippi,2023,2022,N,,,515,515,0,451,87.6,451,,209,40.6,209,,212,41.2,212,,14,2.7,14,,16,3.1,16,,17630,,10000,,5000,
00250609,Saint Louis University,2023,2022,N,,,581,521,60,566,97.4,513,53,273,47,235,38,252,43.4,239,13,39,6.7,37,2,2,0.3,2,0,34000,17500,24000,9000,13000,5000
00251600,University of Missouri,2023,2022,Y,28,4,372,372,0,296,79.6,296,,94,25.3,94,,133,35.8,133,,52,14,52,,17,4.6,17,,23869,,23000,,12000,
00251800,University of Missouri-Kansas City,2023,2022,Y,3,0,465,465,0,393,84.5,393,,312,67.1,312,,64,13.8,64,,0,0,0,,17,3.7,17,,9000,,5800,,3000,
00252000,Washington University,2023,2022,N,,,780,780,0,753,96.5,753,,108,13.8,108,,495,63.5,495,,74,9.5,74,,76,9.7,76,,55000,,42000,,36000,
00253600,University of Montana,2023,2022,Y,67,0,251,251,0,181,72.1,181,,158,62.9,158,,23,9.2,23,,0,0,0,,0,0,0,,10000,,5000,,3000,
00254200,Creighton University,2023,2022,N,,,395,395,0,310,78.5,310,,162,41,162,,85,21.5,85,,2,0.5,2,,61,15.4,61,,11798,,22400,,36000,
00256500,University of Nebraska,2023,2022,N,,,437,437,0,368,84.2,368,,49,11.2,49,,169,38.7,169,,76,17.4,76,,74,16.9,74,,30000,,16068,,10000,
00256900,University of Nevada - Las Vegas,2023,2022,N,,,441,373,68,297,67.3,279,18,111,25.2,97,14,125,28.3,120,5,34,7.7,32,2,32,7.3,30,2,23670,20979,14335,11668,9335,7335
00258903,University of New Hampshire,2023,2022,N,,,596,359,237,562,94.3,332,230,330,55.4,125,205,218,36.6,201,17,1,0.2,1,0,12,2,4,8,30000,13478,19000,7000,7500,3400
00262900,Rutgers University,2023,2022,Y,313,0,1249,1037,212,1024,82,802,222,598,47.9,454,144,443,35.5,366,77,0,0,0,0,14,1.1,13,1,20000,15000,16000,10800,12000,9000
00263201,Seton Hall University,2023,2022,Y,107,32,822,667,155,701,85.3,573,128,301,36.6,240,61,400,48.7,333,67,0,0,0,0,0,0,0,0,60810,42000,40000,25000,20000,15000
00266300,University of New Mexico,2023,2022,Y,31,3,314,314,0,176,56.1,176,,121,38.5,121,,35,11.1,35,,6,1.9,6,,14,4.5,14,,10525,,6576,,3000,
00267700,Brooklyn Law School,2023,2022,Y,365,61,1198,1099,99,1112,92.8,1019,93,538,44.9,496,42,540,45.1,492,48,27,2.3,24,3,7,0.6,7,0,44000,36000,33800,28000,23000,18000
00270711,Columbia University,2023,2022,N,,,1357,1357,0,846,62.3,846,,511,37.7,511,,271,20,271,,59,4.3,59,,5,0.4,5,,44000,,30000,,16000,
00271101,Cornell University,2023,2022,N,,,585,585,0,514,87.9,514,,366,62.6,366,,133,22.7,133,,15,2.6,15,,0,0,0,,40000,,30000,,25000,
00272203,Fordham University,2023,2022,N,,,1339,1145,194,1122,83.8,993,129,604,45.1,515,89,518,38.7,478,40,0,0,0,0,0,0,0,0,40000,30000,31600,20000,25000,10000
00273200,Hofstra University,2023,2022,Y,219,109,831,783,48,689,82.9,659,30,328,39.5,313,15,147,17.7,141,6,213,25.6,204,9,1,0.1,1,0,66554,49852,35000,22463,15000,10000
00278300,New York Law School,2023,2022,Y,327,136,1037,878,159,817,78.8,693,124,303,29.2,256,47,311,30,268,43,143,13.8,118,25,60,5.8,51,9,52500,45292,37500,30000,19800,15750
00278500,New York University,2023,2022,N,,,1413,1413,0,859,60.8,859,,660,46.7,660,,65,4.6,65,,134,9.5,134,,0,0,0,,35000,,25000,,15000,
00279102,Pace University,2023,2022,Y,267,107,843,670,173,759,90,604,155,365,43.3,262,103,332,39.4,282,50,61,7.2,59,2,1,0.1,1,0,38000,20000,28000,15000,18500,10000
00282300,"St. John's University",2023,2022,Y,197,12,762,737,25,580,76.1,564,16,173,22.7,168,5,407,53.4,396,11,0,0,0,0,0,0,0,0,67800,50850,67800,35000,33675,24000
00283700,University of Buffalo-SUNY,2023,2022,N,,,462,462,0,367,79.4,367,,246,53.2,246,,107,23.2,107,,7,1.5,7,,7,1.5,7,,16750,,10000,,5000,
00288200,Syracuse University,2023,2022,N,,,680,680,0,666,97.9,666,,385,56.6,385,,279,41,279,,0,0,0,,2,0.3,2,,37000,,27000,,17273,
00288600,Albany Law School of Union University,2023,2022,N,,,587,587,0,543,92.5,543,,204,34.8,204,,262,44.6,262,,56,9.5,56,,21,3.6,21,,45000,,36000,,20000,
00290301,Cardozo School of Law,2023,2022,N,,,957,957,0,922,96.3,876,,345,36.1,318,,551,57.6,530,,26,2.7,25,,0,0,0,,50000,,35000,,25000,
00291300,Campbell University,2023,2022,N,,,552,552,0,549,99.5,549,,0,0,0,,29,5.3,29,,520,94.2,520,,0,0,0,,25000,,16250,,12500,
00292002,Duke University,2023,2022,N,,,754,754,0,716,95,716,,549,72.8,549,,162,21.5,162,,5,0.7,5,,0,0,0,,38000,,30000,,25000,
00292701,Elon University,2023,2022,Y,35,0,438,438,0,427,97.5,427,,214,48.9,214,,203,46.3,203,,4,0.9,4,,6,1.4,6,,30000,,20036,,10000,
00295000,North Carolina Central University,2023,2022,N,,,479,415,64,301,62.8,269,32,143,29.9,124,19,145,30.3,133,12,0,0,0,0,13,2.7,12,1,16828,11268,10405,8130,8000,4500
00297400,University of North Carolina,2023,2022,N,,,592,592,0,512,86.5,512,,193,32.6,193,,289,48.8,289,,12,2,12,,18,3,18,,20000,,15000,,10000,
00297805,Wake Forest University,2023,2022,N,,,402,402,0,356,88.6,356,,105,26.1,105,,219,54.5,219,,3,0.7,3,,29,7.2,29,,46000,,40000,,21800,
00300500,University of North Dakota,2023,2022,Y,5,0,229,229,0,123,53.7,123,,100,43.7,100,,22,9.6,22,,0,0,0,,0,0,0,,8000,,4585,,1475,
00302302,Capital University,2023,2022,Y,144,42,466,347,119,440,94.4,337,103,249,53.4,178,71,160,34.3,133,27,31,6.7,26,5,0,0,0,0,29700,18500,19000,12000,12000,7125
00302400,Case Western Reserve University,2023,2022,N,,,446,446,0,434,97.3,434,,74,16.6,74,,360,80.7,360,,0,0,0,,0,0,0,,45630,,40950,,30000,
00303200,Cleveland State University,2023,2022,N,,,408,314,94,321,78.7,260,61,191,46.8,146,45,131,32.1,115,16,0,0,0,0,0,0,0,0,19431,15254,9768,9368,3615,3853
00308900,Ohio Northern University,2023,2022,N,,,178,178,0,179,100.6,179,,55,30.9,55,,112,62.9,112,,4,2.2,4,,8,4.5,8,,27050,,21000,,14320,
00309000,The Ohio State University,2023,2022,N,,,521,521,0,487,93.5,487,,162,31.1,162,,142,27.3,142,,151,29,151,,32,6.1,32,,33322,,24290,,16000,
00312300,University of Akron,2023,2022,N,,,474,351,123,412,86.9,324,88,252,53.2,186,66,155,32.7,134,21,3,0.6,2,1,2,0.4,2,0,18000,8500,10000,4200,4000,2000
00312500,University of Cincinnati,2023,2022,N,,,388,388,0,373,96.1,373,,98,25.3,98,,222,57.2,222,,53,13.7,53,,0,0,0,,22689,,16946,,6199,
00312700,University of Dayton,2023,2022,Y,89,17,383,261,122,363,94.8,243,120,70,18.3,42,28,288,75.2,194,94,0,0,0,0,24,6.3,24,0,37946,21819,34000,16454,30000,13728
00313100,University of Toledo,2023,2022,N,,,366,315,51,280,76.5,223,57,115,31.4,75,40,126,34.4,113,13,14,3.8,14,0,25,6.8,21,4,24678,14800,20000,10000,10000,5000
00316614,Oklahoma City University,2023,2022,Y,3,0,453,453,0,297,65.6,297,,226,49.9,226,,55,12.1,55,,1,0.2,1,,15,3.3,15,,18000,,14000,,8000,
00318400,University of Oklahoma,2023,2022,Y,11,0,541,541,0,0,0,0,,369,68.2,369,,138,25.5,138,,0,0,0,,24,4.4,24,,7000,,11000,,14688,
00318500,University of Tulsa,2023,2022,N,,,382,382,0,344,90.1,344,,249,65.2,249,,103,27,103,,6,1.6,6,,2,0.5,2,,15414,,8500,,3600,
00319700,Lewis and Clark College,2023,2022,N,,,564,426,138,547,97,413,134,303,53.7,226,77,239,42.4,184,55,2,0.4,0,2,3,0.5,3,0,33000,30000,26000,19964,19000,12000
00322300,University of Oregon,2023,2022,N,,,484,484,0,0,0,0,,0,0,0,,0,0,0,,0,0,0,,0,0,0,,35000,,22000,,11800,
00322700,Willamette University,2023,2022,N,,,332,332,0,270,81.3,270,,171,51.5,171,,75,22.6,75,,23,6.9,23,,1,0.3,1,,30000,,20000,,10000,
00325600,Drexel University,2023,2022,Y,37,12,570,570,0,420,73.7,420,,218,38.2,218,,185,32.5,185,,1,0.2,1,,16,2.8,16,,50175,,30000,,15000,
00325800,Duquesne University,2023,2022,N,,,487,387,100,467,95.9,376,91,254,52.2,182,72,136,27.9,124,12,72,14.8,66,6,5,1,4,1,40000,20000,28192,15000,20000,10000
00331301,Widener University-Delaware,2023,2022,N,,,658,520,138,663,100.8,506,157,340,51.7,202,138,322,48.9,299,23,0,0,0,0,1,0.2,1,0,35000,18000,32000,13744,25000,9000
00331302,Widener Commonwealth,2023,2022,N,,,347,273,74,323,93.1,240,83,187,53.9,132,55,132,38,105,27,4,1.2,3,1,0,0,0,0,32000,21750,24000,15000,14000,9625
00332900,Pennsylvania State University-Penn State Law,2023,2022,N,,,402,402,0,401,99.8,401,,82,20.4,82,,111,27.6,111,,206,51.2,206,,2,0.5,2,,54744,,54744,,29000,
00332923,Pennsylvania State University-Dickinson School of Law,2023,2022,N,,,272,272,0,271,99.6,271,,36,13.2,36,,187,68.8,187,,0,0,0,,48,17.6,48,,56592,,56592,,39844,
00337101,Temple University,2023,2022,Y,162,0,659,535,124,558,84.7,484,74,279,42.3,246,33,259,39.3,220,39,0,0,0,0,20,3,18,2,36750,21298,28420,13438,17500,7500
00337800,University of Pennsylvania,2023,2022,N,,,808,808,0,433,53.6,433,,167,20.7,167,,164,20.3,164,,101,12.5,101,,1,0.1,1,,57169,,40000,,29601,
00337900,University of Pittsburgh,2023,2022,Y,88,2,380,380,0,362,95.3,362,,135,35.5,135,,209,55,209,,0,0,0,,18,4.7,18,,37473,,28192,,10383,
00338801,Villanova University,2023,2022,N,,,562,562,0,500,89,500,,139,24.7,139,,358,63.7,358,,0,0,0,,3,0.5,3,,44000,,35000,,24000,
00341001,Roger Williams University,2023,2022,Y,134,27,551,551,0,402,73,402,,140,25.4,140,,238,43.2,238,,21,3.8,21,,3,0.5,3,,32337,,25869,,16169,
00344800,University of South Carolina,2023,2022,N,,,629,629,0,635,101,635,,467,74.2,467,,44,7,44,,0,0,0,,0,0,0,,12000,,9062,,4000,
00347400,University of South Dakota,2023,2022,Y,1,0,220,220,0,139,63.2,139,,96,43.6,96,,31,14.1,31,,3,1.4,3,,9,4.1,9,,10000,,5000,,570,
00347900,Belmont University,2023,2022,Y,50,9,351,351,0,213,60.7,213,,36,10.3,36,,101,28.8,101,,76,21.7,76,,0,0,0,,50500,,37875,,25250,
00350200,Lincoln Memorial University,2023,2022,N,,,341,341,0,325,95.3,325,,181,53.1,181,,137,40.2,137,,1,0.3,1,,6,1.8,6,,29648,,18495,,12500,
00350900,University of Memphis,2023,2022,Y,44,14,318,318,0,169,53.1,169,,100,31.4,100,,54,17,54,,12,3.8,12,,3,0.9,3,,12000,,7991,,4000,
00353000,University of Tennessee,2023,2022,N,,,370,370,0,324,87.6,324,,227,61.4,227,,48,13,48,,45,12.2,45,,4,1.1,4,,12000,,7000,,4000,
00353500,Vanderbilt University,2023,2022,N,,,531,531,0,449,84.6,449,,258,48.6,258,,181,34.1,181,,0,0,0,,10,1.9,10,,40987,,33000,,21167,
00354500,Baylor University,2023,2022,Y,110,10,467,467,0,414,88.7,414,,19,4.1,19,,182,39,182,,100,21.4,100,,113,24.2,113,,61782,,33000,,12000,
00361300,Southern Methodist University,2023,2022,Y,6,0,689,689,0,653,94.8,653,,498,72.3,498,,119,17.3,119,,2,0.3,2,,34,4.9,34,,30500,,25000,,17750,
00362300,"St. Mary's University",2023,2022,N,,,760,647,113,571,75.1,512,59,511,67.2,457,54,57,7.5,53,4,0,0,0,0,2,0.3,2,0,16503,11526,11000,10000,7000,5013
00363221,Texas A&M University,2023,2022,N,,,473,462,11,435,92,429,6,103,21.8,100,3,229,48.4,229,0,90,19,89,1,13,2.7,11,2,32634,24807,27000,24315,18000,5000
00364200,Texas Southern University,2023,2022,N,,,548,548,0,353,64.4,353,,183,33.4,183,,122,22.3,122,,48,8.8,48,,0,0,0,,6311,,4207,,1750,
00364400,Texas Tech University,2023,2022,N,,,444,444,0,368,82.9,368,,262,59,262,,93,20.9,93,,0,0,0,,13,2.9,13,,16718,,10000,,5875,
00365200,University of Houston,2023,2022,N,,,767,669,98,525,68.4,490,35,386,50.3,365,21,117,15.3,106,11,3,0.4,1,2,19,2.5,18,1,17500,15681,11500,10082,4000,5000
00365800,University of Texas at Austin,2023,2022,N,,,994,994,0,919,92.5,919,,484,48.7,484,,401,40.3,401,,9,0.9,9,,25,2.5,25,,32667,,18000,,8000,
00367000,Brigham Young University,2023,2022,Y,3,0,384,384,0,342,89.1,342,,104,27.1,104,,46,12,46,,73,19,73,,119,31,119,,19636,,14636,,5000,
00367500,University of Utah,2023,2022,N,,,278,278,0,248,89.2,248,,67,24.1,67,,141,50.7,141,,7,2.5,7,,33,11.9,33,,31732,,19173,,16280,
00370500,William and Mary Law School,2023,2022,N,,,606,606,0,570,94.1,570,,192,31.7,192,,352,58.1,352,,7,1.2,7,,19,3.1,19,,32184,,25067,,21467,
00374400,University of Richmond,2023,2022,N,,,424,424,0,355,83.7,355,,165,38.9,165,,94,22.2,94,,92,21.7,92,,4,0.9,4,,51510,,30000,,15000,
00374500,University of Virginia,2023,2022,N,,,898,898,0,595,66.3,595,,386,43,386,,157,17.5,157,,47,5.2,47,,5,0.6,5,,45000,,30000,,15000,
00374900,George Mason University,2023,2022,N,,,613,490,123,0,0,0,0,164,26.8,126,38,323,52.7,281,42,10,1.6,2,8,0,0,0,0,32000,16019,21000,11236,15000,7856
00376800,Washington and Lee University,2023,2022,N,,,378,378,0,366,96.8,366,,125,33.1,125,,241,63.8,241,,0,0,0,,0,0,0,,36500,,32500,,17500,
00377800,Gonzaga University,2023,2022,N,,,510,510,0,497,97.5,497,,159,31.2,159,,325,63.7,325,,6,1.2,6,,0,0,0,,31000,,29500,,23000,
00379001,Seattle University,2023,2022,Y,140,30,670,527,143,551,82.2,424,127,327,48.8,239,88,158,23.6,120,38,65,9.7,65,0,0,0,0,0,35000,20000,25000,15000,15000,10000
00379800,University of Washington,2023,2022,N,,,522,522,0,410,78.5,410,,359,68.8,359,,36,6.9,36,,0,0,0,,15,2.9,15,,16500,,13000,,8000,
00382700,West Virginia University,2023,2022,Y,12,0,316,316,0,245,77.5,245,,157,49.7,157,,60,19,60,,23,7.3,23,,5,1.6,5,,16000,,10000,,5000,
00386300,Marquette University,2023,2022,N,,,582,550,32,492,84.5,469,23,294,50.5,272,22,194,33.3,193,1,4,0.7,4,0,0,0,0,0,29000,17000,21500,10000,16000,7750
00389500,University of Wisconsin,2023,2022,N,,,758,758,0,725,95.6,725,,236,31.1,236,,398,52.5,398,,4,0.5,4,,87,11.5,87,,44000,,29992,,15000,
00393200,University of Wyoming,2023,2022,Y,74,1,232,232,0,172,74.1,172,,122,52.6,122,,41,17.7,41,,1,0.4,1,,8,3.4,8,,10126,,8000,,4000,
00393600,Pontifical Catholic University of P.R.,2023,2022,Y,81,30,491,299,192,110,22.4,78,32,103,21,75,28,5,1,2,3,2,0.4,1,1,0,0,0,0,3380,4975,1450,3254,1000,1517
00394200,University of Puerto Rico,2023,2022,N,,,474,362,112,0,0,0,0,237,50,189,48,55,11.6,38,17,7,1.5,7,0,11,2.3,11,0,500,500,500,500,500,500
00394700,"UC College of the Law, San Francisco",2023,2022,Y,267,40,1125,1125,0,975,86.7,975,,757,67.3,757,,204,18.1,204,,0,0,0,,14,1.2,14,,25000,,20000,,10000,
00396900,University of Minnesota,2023,2022,N,,,669,669,0,585,87.4,585,,224,33.5,224,,352,52.6,352,,11,1.6,11,,0,0,0,,45504,,30000,,23569,
00425090,Inter American University of Puerto Rico,2023,2022,Y,6,3,680,379,301,42,6.2,18,24,21,3.1,7,14,13,1.9,7,6,0,0,0,0,8,1.2,4,4,5851,2846,3901,1897,1950,949
00497700,South Texas College of Law,2023,2022,Y,252,129,1062,870,192,778,73.3,616,162,701,66,543,158,75,7.1,71,4,1,0.1,1,0,1,0.1,1,0,15497,5562,10000,3500,3749,2026
00891600,New England Law | Boston,2023,2022,Y,283,52,1069,822,247,943,88.2,744,199,297,27.8,224,73,230,21.5,178,52,416,38.9,342,74,0,0,0,0,54384,40792,42500,25000,21875,15000
00927500,Northern Kentucky University,2023,2022,N,,,375,272,103,211,56.3,172,39,76,20.3,51,25,131,34.9,119,12,0,0,0,0,3,0.8,2,1,18500,16136,18000,10000,12000,7125
00963500,Florida International University,2023,2022,Y,104,18,506,396,110,251,49.6,223,28,96,19,80,16,82,16.2,77,5,69,13.6,63,6,7,1.4,6,1,20716,13983,10683,5250,7000,2773
01014205,Touro University,2023,2022,Y,184,98,587,391,196,469,79.9,311,158,279,47.5,180,99,160,27.3,111,49,30,5.1,20,10,0,0,0,0,38000,26096,21800,15863,10500,7625
01014913,Pepperdine University,2023,2022,Y,127,28,551,551,0,453,82.2,453,,220,39.9,220,,201,36.5,201,,3,0.5,3,,29,5.3,29,,50000,,35000,,25000,
01039501,University of San Diego,2023,2022,Y,256,39,754,710,44,669,88.7,638,31,671,89,639,32,715,94.8,672,43,22,2.9,22,0,19,2.5,19,0,52000,46111,33000,13000,26000,12500
01164901,Loyola Marymount University-Los Angeles,2023,2022,Y,222,39,1020,833,187,647,63.4,544,103,177,17.4,153,24,450,44.1,380,70,0,0,0,0,18,1.8,9,9,50000,36000,40000,30000,30000,24000
01193400,Vermont Law School,2023,2022,N,,,429,409,20,431,100.5,414,17,125,29.1,109,16,257,59.9,256,1,49,11.4,49,0,0,0,0,0,40000,13500,30000,10500,20000,9000
01262700,Thomas M. Cooley Law School,2023,2022,N,,,565,106,459,333,58.9,71,262,237,41.9,53,184,71,12.6,15,56,25,4.4,3,22,0,0,0,0,18396,13050,11886,7076,7726,4245
01310300,California Western School of Law,2023,2022,Y,194,124,646,552,94,420,65,375,45,187,28.9,166,21,159,24.6,147,12,72,11.1,60,12,2,0.3,2,0,46560,44688,34920,20748,17460,6516
02053000,Liberty University,2023,2022,Y,127,0,332,332,0,330,99.4,330,,117,35.2,117,,170,51.2,170,,43,13,43,,0,0,0,,31000,,23000,,17000,
02179937,Western State College of Law,2023,2022,Y,135,97,309,226,83,234,75.7,184,50,71,23,53,18,163,52.8,131,32,0,0,0,0,0,0,0,0,37894,26070,30720,20705,19720,14450
03091300,Regent University,2023,2022,N,,,325,312,13,309,95.1,301,8,118,36.3,115,3,188,57.8,183,5,0,0,0,0,3,0.9,3,0,34475,22848,25200,13293,11250,2709
03173300,"Atlanta's John Marshall Law School",2023,2022,Y,131,51,340,226,114,342,100.6,228,114,244,71.8,150,94,87,25.6,70,17,11,3.2,8,3,0,0,0,0,18000,7790,3969,1012,269,269
03191300,City University of New York,2023,2022,N,,,688,474,214,562,81.7,409,153,479,69.6,352,127,71,10.3,47,24,4,0.6,3,1,8,1.2,7,1,5596,2765,946,331,398,265
03559300,Appalachian School of Law,2023,2022,N,,,161,161,0,129,80.1,129,,46,28.6,46,,33,20.5,33,,4,2.5,4,,46,28.6,46,,41000,,20500,,7250,
03691400,Ave Maria School of Law,2023,2022,Y,85,24,312,312,0,211,67.6,211,,89,28.5,89,,112,35.9,112,,0,0,0,,10,3.2,10,,47000,,34500,,22000,
04096300,Charleston School of Law,2023,2022,N,,,656,656,0,599,91.3,599,,347,52.9,347,,252,38.4,252,,0,0,0,,0,0,0,,29000,,18000,,12000,
04242101,UNT Dallas College Of Law,2023,2022,N,,,364,220,144,0,0,0,0,283,77.7,169,114,23,6.3,12,11,19,5.2,16,3,0,0,0,0,5000,4000,3000,2500,2000,1000